{"cameraMode":{"drawMode":0,"name":"Shaded","section":"Shading Mode"},"sceneLighting":true,"audioPlay":false,"sceneViewState":{"m_AlwaysRefresh":false,"showFog":true,"showSkybox":true,"showFlares":true,"showImageEffects":true,"showParticleSystems":true,"showVisualEffectGraphs":true,"m_FxEnabled":true},"in2DMode":false,"pivot":{"x":-0.1327366977930069,"y":19.580522537231447,"z":37.14339065551758},"rotation":{"x":0.00525556830689311,"y":-0.7615887522697449,"z":0.648014485836029,"w":0.006178713869303465},"size":9.499927520751954,"orthographic":false}